{
  "Get all Heroes" : {
    "transaction" : "Get all Heroes",
    "sampleCount" : 50000,
    "errorCount" : 8868,
    "errorPct" : 17.736,
    "meanResTime" : 7042.5851000000175,
    "medianResTime" : 29.0,
    "minResTime" : 1.0,
    "maxResTime" : 134661.0,
    "pct1ResTime" : 111.0,
    "pct2ResTime" : 131293.85,
    "pct3ResTime" : 134082.85000000003,
    "throughput" : 245.25914080817793,
    "receivedKBytesPerSec" : 105.4324832625965,
    "sentKBytesPerSec" : 28.323914743630617
  },
  "Total" : {
    "transaction" : "Total",
    "sampleCount" : 250000,
    "errorCount" : 33506,
    "errorPct" : 13.4024,
    "meanResTime" : 1921.8807720000648,
    "medianResTime" : 26.0,
    "minResTime" : 1.0,
    "maxResTime" : 134661.0,
    "pct1ResTime" : 36.0,
    "pct2ResTime" : 53.0,
    "pct3ResTime" : 30032.0,
    "throughput" : 1226.2596138753727,
    "receivedKBytesPerSec" : 319.90288138819943,
    "sentKBytesPerSec" : 220.35437389176786
  },
  "Get Hero by ID" : {
    "transaction" : "Get Hero by ID",
    "sampleCount" : 50000,
    "errorCount" : 8439,
    "errorPct" : 16.878,
    "meanResTime" : 1998.897119999992,
    "medianResTime" : 29.0,
    "minResTime" : 1.0,
    "maxResTime" : 66783.0,
    "pct1ResTime" : 126.0,
    "pct2ResTime" : 30040.0,
    "pct3ResTime" : 30200.0,
    "throughput" : 246.0000393600063,
    "receivedKBytesPerSec" : 60.67168158246905,
    "sentKBytesPerSec" : 30.199988230435615
  },
  "Change Hero" : {
    "transaction" : "Change Hero",
    "sampleCount" : 50000,
    "errorCount" : 5188,
    "errorPct" : 10.376,
    "meanResTime" : 59.86461999999982,
    "medianResTime" : 29.0,
    "minResTime" : 1.0,
    "maxResTime" : 5941.0,
    "pct1ResTime" : 61.0,
    "pct2ResTime" : 85.0,
    "pct3ResTime" : 1416.9900000000016,
    "throughput" : 246.97578155486073,
    "receivedKBytesPerSec" : 34.97215656782696,
    "sentKBytesPerSec" : 56.0057380577948
  },
  "Create New Hero" : {
    "transaction" : "Create New Hero",
    "sampleCount" : 50000,
    "errorCount" : 6600,
    "errorPct" : 13.2,
    "meanResTime" : 462.66610000000014,
    "medianResTime" : 30.0,
    "minResTime" : 1.0,
    "maxResTime" : 31062.0,
    "pct1ResTime" : 85.0,
    "pct2ResTime" : 4618.850000000017,
    "pct3ResTime" : 30032.0,
    "throughput" : 246.63831970245553,
    "receivedKBytesPerSec" : 59.95885937947032,
    "sentKBytesPerSec" : 55.12486392501455
  },
  "Delete Hero" : {
    "transaction" : "Delete Hero",
    "sampleCount" : 50000,
    "errorCount" : 4411,
    "errorPct" : 8.822,
    "meanResTime" : 45.39091999999958,
    "medianResTime" : 29.0,
    "minResTime" : 1.0,
    "maxResTime" : 1914.0,
    "pct1ResTime" : 52.0,
    "pct2ResTime" : 77.0,
    "pct3ResTime" : 120.0,
    "throughput" : 247.02336841065164,
    "receivedKBytesPerSec" : 60.06720579516822,
    "sentKBytesPerSec" : 51.8652580159083
  }
}