{
  "Get all Heroes" : {
    "transaction" : "Get all Heroes",
    "sampleCount" : 100,
    "errorCount" : 0,
    "errorPct" : 0.0,
    "meanResTime" : 207.96000000000006,
    "medianResTime" : 232.5,
    "minResTime" : 49.0,
    "maxResTime" : 293.0,
    "pct1ResTime" : 283.9,
    "pct2ResTime" : 289.95,
    "pct3ResTime" : 292.99,
    "throughput" : 103.30578512396694,
    "receivedKBytesPerSec" : 25.3886073088843,
    "sentKBytesPerSec" : 12.812338584710744
  },
  "Total" : {
    "transaction" : "Total",
    "sampleCount" : 500,
    "errorCount" : 0,
    "errorPct" : 0.0,
    "meanResTime" : 58.495999999999995,
    "medianResTime" : 17.0,
    "minResTime" : 3.0,
    "maxResTime" : 293.0,
    "pct1ResTime" : 232.90000000000003,
    "pct2ResTime" : 275.0,
    "pct3ResTime" : 289.99,
    "throughput" : 502.00803212851406,
    "receivedKBytesPerSec" : 105.1726436997992,
    "sentKBytesPerSec" : 91.51939790411646
  },
  "Get Hero by ID" : {
    "transaction" : "Get Hero by ID",
    "sampleCount" : 100,
    "errorCount" : 0,
    "errorPct" : 0.0,
    "meanResTime" : 22.070000000000004,
    "medianResTime" : 16.5,
    "minResTime" : 6.0,
    "maxResTime" : 113.0,
    "pct1ResTime" : 40.0,
    "pct2ResTime" : 57.89999999999998,
    "pct3ResTime" : 112.6199999999998,
    "throughput" : 114.02508551881414,
    "receivedKBytesPerSec" : 21.37970353477765,
    "sentKBytesPerSec" : 14.364488312428735
  },
  "Change Hero" : {
    "transaction" : "Change Hero",
    "sampleCount" : 100,
    "errorCount" : 0,
    "errorPct" : 0.0,
    "meanResTime" : 18.570000000000007,
    "medianResTime" : 10.0,
    "minResTime" : 3.0,
    "maxResTime" : 105.0,
    "pct1ResTime" : 52.70000000000002,
    "pct2ResTime" : 58.0,
    "pct3ResTime" : 104.99,
    "throughput" : 119.33174224343675,
    "receivedKBytesPerSec" : 16.8975611575179,
    "sentKBytesPerSec" : 27.058239483890215
  },
  "Create New Hero" : {
    "transaction" : "Create New Hero",
    "sampleCount" : 100,
    "errorCount" : 0,
    "errorPct" : 0.0,
    "meanResTime" : 24.710000000000004,
    "medianResTime" : 15.0,
    "minResTime" : 5.0,
    "maxResTime" : 120.0,
    "pct1ResTime" : 70.60000000000002,
    "pct2ResTime" : 79.0,
    "pct3ResTime" : 119.89999999999995,
    "throughput" : 115.74074074074075,
    "receivedKBytesPerSec" : 26.561595775462962,
    "sentKBytesPerSec" : 26.021321614583332
  },
  "Delete Hero" : {
    "transaction" : "Delete Hero",
    "sampleCount" : 100,
    "errorCount" : 0,
    "errorPct" : 0.0,
    "meanResTime" : 19.17,
    "medianResTime" : 11.5,
    "minResTime" : 3.0,
    "maxResTime" : 63.0,
    "pct1ResTime" : 57.900000000000006,
    "pct2ResTime" : 60.94999999999999,
    "pct3ResTime" : 63.0,
    "throughput" : 122.85012285012286,
    "receivedKBytesPerSec" : 29.872734950859954,
    "sentKBytesPerSec" : 25.793726965601966
  }
}