{
  "Get all Heroes" : {
    "transaction" : "Get all Heroes",
    "sampleCount" : 2000,
    "errorCount" : 516,
    "errorPct" : 25.8,
    "meanResTime" : 8501.817999999996,
    "medianResTime" : 627.5,
    "minResTime" : 4.0,
    "maxResTime" : 30472.0,
    "pct1ResTime" : 30206.9,
    "pct2ResTime" : 30306.85,
    "pct3ResTime" : 30394.96,
    "throughput" : 56.72954190894908,
    "receivedKBytesPerSec" : 49.313650102822294,
    "sentKBytesPerSec" : 5.220558254148347
  },
  "Total" : {
    "transaction" : "Total",
    "sampleCount" : 10000,
    "errorCount" : 516,
    "errorPct" : 5.16,
    "meanResTime" : 1871.6546999999966,
    "medianResTime" : 27.0,
    "minResTime" : 1.0,
    "maxResTime" : 30472.0,
    "pct1ResTime" : 2282.399999999998,
    "pct2ResTime" : 30011.0,
    "pct3ResTime" : 30306.97,
    "throughput" : 283.5833593284746,
    "receivedKBytesPerSec" : 94.77549724569663,
    "sentKBytesPerSec" : 49.88458378824831
  },
  "Get Hero by ID" : {
    "transaction" : "Get Hero by ID",
    "sampleCount" : 2000,
    "errorCount" : 0,
    "errorPct" : 0.0,
    "meanResTime" : 602.4240000000003,
    "medianResTime" : 65.0,
    "minResTime" : 3.0,
    "maxResTime" : 4056.0,
    "pct1ResTime" : 2518.900000000001,
    "pct2ResTime" : 3206.6499999999987,
    "pct3ResTime" : 3471.5000000000005,
    "throughput" : 58.07538184563563,
    "receivedKBytesPerSec" : 10.889134096056681,
    "sentKBytesPerSec" : 7.316136970788082
  },
  "Change Hero" : {
    "transaction" : "Change Hero",
    "sampleCount" : 2000,
    "errorCount" : 0,
    "errorPct" : 0.0,
    "meanResTime" : 84.39000000000024,
    "medianResTime" : 17.0,
    "minResTime" : 2.0,
    "maxResTime" : 748.0,
    "pct1ResTime" : 290.9000000000001,
    "pct2ResTime" : 382.9499999999998,
    "pct3ResTime" : 506.98,
    "throughput" : 59.0388475616956,
    "receivedKBytesPerSec" : 8.359993062935413,
    "sentKBytesPerSec" : 13.38818295954363
  },
  "Create New Hero" : {
    "transaction" : "Create New Hero",
    "sampleCount" : 2000,
    "errorCount" : 0,
    "errorPct" : 0.0,
    "meanResTime" : 96.85800000000006,
    "medianResTime" : 19.0,
    "minResTime" : 2.0,
    "maxResTime" : 586.0,
    "pct1ResTime" : 332.0,
    "pct2ResTime" : 450.0,
    "pct3ResTime" : 561.0,
    "throughput" : 58.70094802031053,
    "receivedKBytesPerSec" : 13.471408969504859,
    "sentKBytesPerSec" : 13.19644891366558
  },
  "Delete Hero" : {
    "transaction" : "Delete Hero",
    "sampleCount" : 2000,
    "errorCount" : 0,
    "errorPct" : 0.0,
    "meanResTime" : 72.78350000000005,
    "medianResTime" : 16.0,
    "minResTime" : 1.0,
    "maxResTime" : 631.0,
    "pct1ResTime" : 234.9000000000001,
    "pct2ResTime" : 253.94999999999982,
    "pct3ResTime" : 498.99,
    "throughput" : 59.29263881889064,
    "receivedKBytesPerSec" : 14.417838931546648,
    "sentKBytesPerSec" : 12.44913803326317
  }
}