{
  "Get all Heroes" : {
    "transaction" : "Get all Heroes",
    "sampleCount" : 20000,
    "errorCount" : 3521,
    "errorPct" : 17.605,
    "meanResTime" : 5854.363250000032,
    "medianResTime" : 15.0,
    "minResTime" : 0.0,
    "maxResTime" : 71752.0,
    "pct1ResTime" : 30034.9,
    "pct2ResTime" : 30398.95,
    "pct3ResTime" : 66677.99,
    "throughput" : 249.59129425565638,
    "receivedKBytesPerSec" : 181.73241804825847,
    "sentKBytesPerSec" : 25.505512555222072
  },
  "Total" : {
    "transaction" : "Total",
    "sampleCount" : 100000,
    "errorCount" : 7021,
    "errorPct" : 7.021,
    "meanResTime" : 1981.630240000005,
    "medianResTime" : 11.0,
    "minResTime" : 0.0,
    "maxResTime" : 72029.0,
    "pct1ResTime" : 35.0,
    "pct2ResTime" : 33305.700000000004,
    "pct3ResTime" : 67438.0,
    "throughput" : 1247.7229056971028,
    "receivedKBytesPerSec" : 484.99014932513785,
    "sentKBytesPerSec" : 213.86371483370974
  },
  "Get Hero by ID" : {
    "transaction" : "Get Hero by ID",
    "sampleCount" : 20000,
    "errorCount" : 1281,
    "errorPct" : 6.405,
    "meanResTime" : 2205.1194000000087,
    "medianResTime" : 14.0,
    "minResTime" : 0.0,
    "maxResTime" : 72029.0,
    "pct1ResTime" : 7183.200000000012,
    "pct2ResTime" : 18797.0,
    "pct3ResTime" : 33492.85000000002,
    "throughput" : 251.31626895867103,
    "receivedKBytesPerSec" : 85.1814650717508,
    "sentKBytesPerSec" : 29.63213924727636
  },
  "Change Hero" : {
    "transaction" : "Change Hero",
    "sampleCount" : 20000,
    "errorCount" : 705,
    "errorPct" : 3.525,
    "meanResTime" : 692.5908000000034,
    "medianResTime" : 13.0,
    "minResTime" : 0.0,
    "maxResTime" : 71883.0,
    "pct1ResTime" : 427.0,
    "pct2ResTime" : 828.0,
    "pct3ResTime" : 24680.540000000074,
    "throughput" : 251.90503180301027,
    "receivedKBytesPerSec" : 57.218911868663014,
    "sentKBytesPerSec" : 55.109859129983
  },
  "Create New Hero" : {
    "transaction" : "Create New Hero",
    "sampleCount" : 20000,
    "errorCount" : 986,
    "errorPct" : 4.93,
    "meanResTime" : 688.9196499999966,
    "medianResTime" : 13.0,
    "minResTime" : 0.0,
    "maxResTime" : 71963.0,
    "pct1ResTime" : 441.0,
    "pct2ResTime" : 883.0,
    "pct3ResTime" : 23837.94000000001,
    "throughput" : 251.49324111914495,
    "receivedKBytesPerSec" : 86.70783313030493,
    "sentKBytesPerSec" : 53.751363073718956
  },
  "Delete Hero" : {
    "transaction" : "Delete Hero",
    "sampleCount" : 20000,
    "errorCount" : 528,
    "errorPct" : 2.64,
    "meanResTime" : 467.15810000000107,
    "medianResTime" : 12.0,
    "minResTime" : 1.0,
    "maxResTime" : 71804.0,
    "pct1ResTime" : 398.90000000000146,
    "pct2ResTime" : 812.0,
    "pct3ResTime" : 3194.9400000001697,
    "throughput" : 252.66881435158868,
    "receivedKBytesPerSec" : 76.94344018460615,
    "sentKBytesPerSec" : 51.6500457962226
  }
}