{
  "Get all Heroes" : {
    "transaction" : "Get all Heroes",
    "sampleCount" : 100000,
    "errorCount" : 19595,
    "errorPct" : 19.595,
    "meanResTime" : 8111.994839999986,
    "medianResTime" : 27.0,
    "minResTime" : 0.0,
    "maxResTime" : 251681.0,
    "pct1ResTime" : 42.0,
    "pct2ResTime" : 53.0,
    "pct3ResTime" : 15534.88000000002,
    "throughput" : 247.1253147758697,
    "receivedKBytesPerSec" : 129.76632573541403,
    "sentKBytesPerSec" : 27.87740553325936
  },
  "Total" : {
    "transaction" : "Total",
    "sampleCount" : 500000,
    "errorCount" : 81422,
    "errorPct" : 16.2844,
    "meanResTime" : 4092.9244160000294,
    "medianResTime" : 24.0,
    "minResTime" : 0.0,
    "maxResTime" : 251681.0,
    "pct1ResTime" : 34.0,
    "pct2ResTime" : 49.0,
    "pct3ResTime" : 64707.890000000014,
    "throughput" : 1235.6051994266793,
    "receivedKBytesPerSec" : 404.2482544180608,
    "sentKBytesPerSec" : 216.00820654222062
  },
  "Get Hero by ID" : {
    "transaction" : "Get Hero by ID",
    "sampleCount" : 100000,
    "errorCount" : 18824,
    "errorPct" : 18.824,
    "meanResTime" : 5746.740080000011,
    "medianResTime" : 26.0,
    "minResTime" : 0.0,
    "maxResTime" : 249504.0,
    "pct1ResTime" : 38.0,
    "pct2ResTime" : 47.0,
    "pct3ResTime" : 15808.600000000064,
    "throughput" : 247.94515453181756,
    "receivedKBytesPerSec" : 82.30642311608172,
    "sentKBytesPerSec" : 29.047871720150503
  },
  "Change Hero" : {
    "transaction" : "Change Hero",
    "sampleCount" : 100000,
    "errorCount" : 14189,
    "errorPct" : 14.189,
    "meanResTime" : 2170.6053999999926,
    "medianResTime" : 26.0,
    "minResTime" : 1.0,
    "maxResTime" : 249517.0,
    "pct1ResTime" : 44.0,
    "pct2ResTime" : 19209.9,
    "pct3ResTime" : 125512.99,
    "throughput" : 248.21902847072255,
    "receivedKBytesPerSec" : 47.18188743810038,
    "sentKBytesPerSec" : 55.0298483381736
  },
  "Create New Hero" : {
    "transaction" : "Create New Hero",
    "sampleCount" : 100000,
    "errorCount" : 16768,
    "errorPct" : 16.768,
    "meanResTime" : 3492.4354999999905,
    "medianResTime" : 26.0,
    "minResTime" : 0.0,
    "maxResTime" : 249520.0,
    "pct1ResTime" : 38.0,
    "pct2ResTime" : 47.0,
    "pct3ResTime" : 73435.89000000001,
    "throughput" : 248.05401624257698,
    "receivedKBytesPerSec" : 80.00271803250376,
    "sentKBytesPerSec" : 53.273175454186905
  },
  "Delete Hero" : {
    "transaction" : "Delete Hero",
    "sampleCount" : 100000,
    "errorCount" : 12046,
    "errorPct" : 12.046,
    "meanResTime" : 942.8462600000013,
    "medianResTime" : 27.0,
    "minResTime" : 0.0,
    "maxResTime" : 249529.0,
    "pct1ResTime" : 44.0,
    "pct2ResTime" : 73.0,
    "pct3ResTime" : 29118.470000000085,
    "throughput" : 248.38734516153872,
    "receivedKBytesPerSec" : 66.11337851887248,
    "sentKBytesPerSec" : 51.58370849525084
  }
}