{
  "Get all Heroes" : {
    "transaction" : "Get all Heroes",
    "sampleCount" : 10000,
    "errorCount" : 6964,
    "errorPct" : 69.64,
    "meanResTime" : 1727.0357000000008,
    "medianResTime" : 36.0,
    "minResTime" : 1.0,
    "maxResTime" : 31002.0,
    "pct1ResTime" : 377.0,
    "pct2ResTime" : 19160.74999999997,
    "pct3ResTime" : 30017.0,
    "throughput" : 269.73808432012515,
    "receivedKBytesPerSec" : 520.2593057531761,
    "sentKBytesPerSec" : 33.13268753540312
  },
  "Total" : {
    "transaction" : "Total",
    "sampleCount" : 50000,
    "errorCount" : 33860,
    "errorPct" : 67.72,
    "meanResTime" : 435.6945600000052,
    "medianResTime" : 31.0,
    "minResTime" : 1.0,
    "maxResTime" : 31002.0,
    "pct1ResTime" : 43.0,
    "pct2ResTime" : 58.0,
    "pct3ResTime" : 27946.57000000007,
    "throughput" : 1348.5085495442042,
    "receivedKBytesPerSec" : 736.4246013050191,
    "sentKBytesPerSec" : 245.5222668260154
  },
  "Get Hero by ID" : {
    "transaction" : "Get Hero by ID",
    "sampleCount" : 10000,
    "errorCount" : 6810,
    "errorPct" : 68.1,
    "meanResTime" : 138.42049999999972,
    "medianResTime" : 35.0,
    "minResTime" : 1.0,
    "maxResTime" : 4169.0,
    "pct1ResTime" : 298.0,
    "pct2ResTime" : 336.0,
    "pct3ResTime" : 726.9899999999998,
    "throughput" : 271.7834429526553,
    "receivedKBytesPerSec" : 50.959395553622876,
    "sentKBytesPerSec" : 34.23834388759037
  },
  "Change Hero" : {
    "transaction" : "Change Hero",
    "sampleCount" : 10000,
    "errorCount" : 6582,
    "errorPct" : 65.82,
    "meanResTime" : 102.8113000000001,
    "medianResTime" : 34.0,
    "minResTime" : 1.0,
    "maxResTime" : 715.0,
    "pct1ResTime" : 287.0,
    "pct2ResTime" : 307.0,
    "pct3ResTime" : 376.9899999999998,
    "throughput" : 274.0026304252521,
    "receivedKBytesPerSec" : 38.79920059732573,
    "sentKBytesPerSec" : 62.13542130473202
  },
  "Create New Hero" : {
    "transaction" : "Create New Hero",
    "sampleCount" : 10000,
    "errorCount" : 6787,
    "errorPct" : 67.87,
    "meanResTime" : 107.95899999999968,
    "medianResTime" : 34.0,
    "minResTime" : 1.0,
    "maxResTime" : 714.0,
    "pct1ResTime" : 289.0,
    "pct2ResTime" : 325.9499999999989,
    "pct3ResTime" : 510.97999999999956,
    "throughput" : 272.5686873092019,
    "receivedKBytesPerSec" : 62.55238429459223,
    "sentKBytesPerSec" : 61.27554373194232
  },
  "Delete Hero" : {
    "transaction" : "Delete Hero",
    "sampleCount" : 10000,
    "errorCount" : 6717,
    "errorPct" : 67.17,
    "meanResTime" : 102.24629999999965,
    "medianResTime" : 34.0,
    "minResTime" : 1.0,
    "maxResTime" : 691.0,
    "pct1ResTime" : 284.0,
    "pct2ResTime" : 311.0,
    "pct3ResTime" : 363.0,
    "throughput" : 274.589488714372,
    "receivedKBytesPerSec" : 66.7702955955846,
    "sentKBytesPerSec" : 57.65306647811522
  }
}